date_time,start_time,end_time,activity_name,calories,active_duration,steps,distance,distance_unit,speed,pace,elevation_gain,average_heart_rate
2016-02-01T05:00:00Z,2016-02-01T15:15:00Z,2016-02-01T16:15:00Z,Yoga,231,1H 0M 0S,7,NA,NA,NA,NA,NA,NA
2016-02-02T05:00:00Z,2016-02-03T02:39:34Z,2016-02-03T03:19:51Z,Run,411,40M 16.8S,6470,3.16,Mile,4.71,12M 43.6S,0,NA
2016-02-03T05:00:00Z,2016-02-03T15:15:00Z,2016-02-03T16:15:00Z,Yoga,231,1H 0M 0S,0,NA,NA,NA,NA,NA,NA
2016-02-05T05:00:00Z,2016-02-06T03:21:55Z,2016-02-06T04:04:17Z,Calisthenics,257,42M 22S,836,NA,NA,NA,NA,NA,143
2016-02-06T05:00:00Z,2016-02-06T20:48:07Z,2016-02-06T21:18:18Z,Stairclimber,239,30M 11S,3004,NA,NA,NA,NA,NA,158
2016-02-07T05:00:00Z,2016-02-08T04:18:59Z,2016-02-08T05:14:42Z,Run,486,55M 43S,8459,4.32,Mile,4.65,12M 54.4S,50,164
2016-02-08T05:00:00Z,2016-02-08T20:14:16Z,2016-02-08T21:16:17Z,Yoga,90,1H 2M 1S,48,NA,NA,NA,NA,NA,90
2016-02-09T05:00:00Z,2016-02-10T00:58:28Z,2016-02-10T01:38:49Z,Walk,163,40M 21S,3011,NA,NA,NA,NA,80,100
2016-02-09T05:00:00Z,2016-02-10T04:13:55Z,2016-02-10T04:47:14Z,Run,269,33M 19.8S,4598,2.52,Mile,4.53,13M 14.1S,50,150
2016-02-10T05:00:00Z,2016-02-10T23:48:01Z,2016-02-11T00:16:03Z,Walk,138,28M 2S,2704,NA,NA,NA,NA,20,104
2016-02-10T05:00:00Z,2016-02-11T02:43:27Z,2016-02-11T03:07:08Z,Walk,109,23M 41S,2090,NA,NA,NA,NA,0,96
2016-02-12T05:00:00Z,2016-02-13T02:36:23Z,2016-02-13T02:59:08Z,Walk,119,22M 45S,2410,NA,NA,NA,NA,80,98
2016-02-13T05:00:00Z,2016-02-13T23:08:48Z,2016-02-13T23:25:26Z,Walk,86,16M 38S,1683,NA,NA,NA,NA,0,109
2016-02-16T05:00:00Z,2016-02-16T09:17:50Z,2016-02-16T09:53:50Z,Treadmill,312,36M 0S,5274,2.63,Mile,4.38,NA,NA,159
2016-02-19T05:00:00Z,2016-02-19T07:29:50Z,2016-02-19T09:06:25Z,Yoga,278,1H 36M 35S,413,NA,NA,NA,NA,NA,108
2016-02-19T05:00:00Z,2016-02-19T21:38:22Z,2016-02-19T22:01:07Z,Walk,120,22M 45S,2473,NA,NA,NA,NA,0,111
2016-02-19T05:00:00Z,2016-02-19T23:44:23Z,2016-02-20T00:17:39Z,Walk,160,33M 16S,3129,NA,NA,NA,NA,40,108
2016-02-19T05:00:00Z,2016-02-20T01:06:33Z,2016-02-20T01:43:52Z,Yoga,83,37M 19S,25,NA,NA,NA,NA,NA,103
2016-02-20T05:00:00Z,2016-02-21T03:52:13Z,2016-02-21T04:08:52Z,Walk,73,16M 39S,1268,NA,NA,NA,NA,60,111
2016-02-22T05:00:00Z,2016-02-23T01:04:20Z,2016-02-23T01:42:04Z,Walk,178,37M 44S,3423,NA,NA,NA,NA,10,111
2016-02-23T05:00:00Z,2016-02-24T03:00:02Z,2016-02-24T03:29:07Z,Run,253,27M 12.8S,3977,2.31,Mile,5.09,11M 46.4S,20,170
2016-02-24T05:00:00Z,2016-02-25T01:45:00Z,2016-02-25T02:53:00Z,Yoga,262,1H 8M 0S,50,NA,NA,NA,NA,NA,86
2016-03-09T05:00:00Z,2016-03-10T01:13:55Z,2016-03-10T01:59:46Z,Gymnastics,188,45M 51S,794,NA,NA,NA,NA,NA,114
2016-03-12T05:00:00Z,2016-03-12T19:17:00Z,2016-03-12T19:36:00Z,Walk,34,19M 0S,1241,0.5,Mile,1.58,38M 0S,0,73
2016-03-13T05:00:00Z,2016-03-13T17:24:00Z,2016-03-13T17:54:00Z,Walk,68,30M 0S,2483,1,Mile,2,30M 0S,0,94
2016-03-13T05:00:00Z,2016-03-13T18:51:00Z,2016-03-13T19:11:00Z,Swim,144,20M 0S,NA,0.5,Mile,1.5,40M 0S,NA,NA
2016-03-14T04:00:00Z,2016-03-14T19:02:55Z,2016-03-14T19:24:17Z,Yoga,65,21M 22S,12,NA,NA,NA,NA,NA,103
2016-03-14T04:00:00Z,2016-03-14T19:27:52Z,2016-03-14T19:34:45Z,Yoga,18,6M 53S,13,NA,NA,NA,NA,NA,96
2016-03-14T04:00:00Z,2016-03-15T00:17:23Z,2016-03-15T01:08:08Z,Walk,230,50M 45S,3396,NA,NA,NA,NA,80,106
2016-03-15T04:00:00Z,2016-03-15T22:00:00Z,2016-03-15T22:30:00Z,Walk,54,30M 0S,1241,0.5,Mile,1,1H 0M 0S,0,NA
2016-03-17T04:00:00Z,2016-03-17T06:47:41Z,2016-03-17T07:30:35Z,Aerobic Workout,283,42M 54S,1365,NA,NA,NA,NA,NA,148
2016-03-17T04:00:00Z,2016-03-17T10:09:42Z,2016-03-17T10:25:27Z,Walk,83,15M 45S,1632,NA,NA,NA,NA,9,92
2016-03-18T04:00:00Z,2016-03-18T22:02:09Z,2016-03-18T22:36:17Z,Walk,157,34M 8S,2966,NA,NA,NA,NA,30,99
2016-03-26T04:00:00Z,2016-03-26T23:27:39Z,2016-03-26T23:43:25Z,Walk,70,15M 46S,1341,NA,NA,NA,NA,20,98
2016-03-28T04:00:00Z,2016-03-28T17:22:42Z,2016-03-28T17:45:29Z,Walk,122,22M 47S,2405,NA,NA,NA,NA,0,110
2016-03-30T04:00:00Z,2016-03-31T01:29:53Z,2016-03-31T01:45:39Z,Walk,74,15M 46S,1263,NA,NA,NA,NA,0,108
2016-03-31T04:00:00Z,2016-03-31T18:28:56Z,2016-03-31T18:46:26Z,Walk,84,17M 30S,1529,NA,NA,NA,NA,50,107
2016-04-04T04:00:00Z,2016-04-04T21:41:03Z,2016-04-04T21:58:32Z,Walk,89,17M 29S,1598,NA,NA,NA,NA,20,115
2016-04-06T04:00:00Z,2016-04-07T03:27:06Z,2016-04-07T05:05:15Z,Workout,626,1H 38M 9S,7827,NA,NA,NA,NA,NA,137
2016-04-08T04:00:00Z,2016-04-08T20:39:18Z,2016-04-08T21:09:57Z,Walk,132,30M 39S,2200,NA,NA,NA,NA,40,106
2016-04-10T04:00:00Z,2016-04-10T07:06:54Z,2016-04-10T07:44:51Z,Workout,179,37M 57S,178,NA,NA,NA,NA,NA,126
2016-04-21T04:00:00Z,2016-04-21T19:49:19Z,2016-04-21T20:32:30Z,Workout,239,43M 11S,877,NA,NA,NA,NA,NA,147
2016-04-30T04:00:00Z,2016-05-01T01:40:00Z,2016-05-01T05:10:00Z,Kayaking,943,3H 30M 0S,151,NA,NA,NA,NA,NA,75
2016-05-01T04:00:00Z,2016-05-01T19:27:26Z,2016-05-01T20:06:11Z,Workout,109,38M 45S,96,NA,NA,NA,NA,NA,104
2016-05-01T04:00:00Z,2016-05-02T03:29:41Z,2016-05-02T04:05:35Z,Walk,196,35M 54S,3567,NA,NA,NA,NA,0,119
2016-05-04T04:00:00Z,2016-05-04T04:45:06Z,2016-05-04T04:55:09Z,Run,87,10M 3.3S,1291,1.01,Mile,6,9M 59.9S,10,NA
2016-05-06T04:00:00Z,2016-05-07T03:41:38Z,2016-05-07T04:15:47Z,Walk,158,34M 9S,2805,NA,NA,NA,NA,10,104
2016-05-09T04:00:00Z,2016-05-09T23:47:46Z,2016-05-10T00:30:40Z,Walk,216,42M 54S,4339,NA,NA,NA,NA,20,100
2016-05-12T04:00:00Z,2016-05-12T05:27:19Z,2016-05-12T06:21:42Z,Workout,377,54M 23S,2682,NA,NA,NA,NA,NA,140
2016-05-12T04:00:00Z,2016-05-12T22:30:00Z,2016-05-12T23:30:00Z,Walk,109,1H 0M 0S,2483,1,Mile,1,1H 0M 0S,0,79
2016-05-19T04:00:00Z,2016-05-19T07:24:57Z,2016-05-19T07:53:50Z,Workout,175,28M 53S,853,NA,NA,NA,NA,NA,136
2016-05-22T04:00:00Z,2016-05-22T18:49:41Z,2016-05-22T20:01:28Z,Walk,330,1H 11M 47S,5987,NA,NA,NA,NA,80,99
2016-05-23T04:00:00Z,2016-05-23T16:00:11Z,2016-05-23T16:14:11Z,Workout,32,14M 0S,268,NA,NA,NA,NA,NA,89
2016-05-23T04:00:00Z,2016-05-23T21:12:22Z,2016-05-23T22:07:37Z,Walk,267,55M 15S,4851,NA,NA,NA,NA,10,106
2016-05-23T04:00:00Z,2016-05-23T22:57:03Z,2016-05-23T23:53:09Z,Walk,298,56M 6S,4874,NA,NA,NA,NA,30,117
2016-05-26T04:00:00Z,2016-05-26T23:59:17Z,2016-05-27T00:46:35Z,Walk,231,47M 18S,3618,NA,NA,NA,NA,10,111
2016-05-26T04:00:00Z,2016-05-27T01:41:58Z,2016-05-27T02:13:28Z,Walk,193,31M 30S,2602,NA,NA,NA,NA,40,127
2016-05-27T04:00:00Z,2016-05-27T17:10:19Z,2016-05-27T17:46:10Z,Walk,196,35M 51S,2546,NA,NA,NA,NA,0,123
2016-05-27T04:00:00Z,2016-05-27T19:14:04Z,2016-05-27T19:45:31Z,Walk,145,31M 27S,2785,NA,NA,NA,NA,10,101
2016-05-27T04:00:00Z,2016-05-27T22:28:55Z,2016-05-27T23:07:25Z,Walk,184,38M 30S,3147,NA,NA,NA,NA,0,108
2016-05-27T04:00:00Z,2016-05-28T00:54:34Z,2016-05-28T01:32:12Z,Walk,171,37M 38S,3000,NA,NA,NA,NA,0,104
2016-05-28T04:00:00Z,2016-05-28T20:49:49Z,2016-05-28T21:21:19Z,Walk,151,31M 30S,2792,NA,NA,NA,NA,0,102
2016-05-30T04:00:00Z,2016-05-30T18:52:57Z,2016-05-30T19:07:42Z,Workout,49,14M 45S,325,NA,NA,NA,NA,NA,107
2016-05-30T04:00:00Z,2016-05-30T19:22:56Z,2016-05-30T20:05:08Z,Workout,205,42M 12S,1271,NA,NA,NA,NA,NA,120
2016-05-30T04:00:00Z,2016-05-30T23:23:45Z,2016-05-30T23:57:55Z,Walk,174,34M 10S,3411,NA,NA,NA,NA,18.33,108
2016-06-01T04:00:00Z,2016-06-01T23:37:24Z,2016-06-02T00:09:45Z,Walk,165,32M 21S,3185,NA,NA,NA,NA,10,107
2016-06-01T04:00:00Z,2016-06-02T00:55:39Z,2016-06-02T02:28:35Z,Walk,391,1H 32M 56S,6456,NA,NA,NA,NA,170,100
2016-06-02T04:00:00Z,2016-06-02T15:52:22Z,2016-06-02T18:17:55Z,Walk,661,2H 25M 33S,12132,NA,NA,NA,NA,110,97
2016-06-02T04:00:00Z,2016-06-03T00:35:48Z,2016-06-03T01:22:16Z,Walk,232,46M 28S,4433,NA,NA,NA,NA,40,103
2016-06-03T04:00:00Z,2016-06-03T20:16:05Z,2016-06-03T20:47:37Z,Walk,168,31M 32S,2788,NA,NA,NA,NA,0,114
2016-06-07T04:00:00Z,2016-06-07T23:07:22Z,2016-06-07T23:54:40Z,Walk,219,47M 18S,3106,NA,NA,NA,NA,20,115
2016-06-08T04:00:00Z,2016-06-08T16:36:12Z,2016-06-08T16:59:28Z,Workout,72,23M 16S,24,NA,NA,NA,NA,NA,105
2016-06-08T04:00:00Z,2016-06-08T22:38:09Z,2016-06-08T23:44:43Z,Walk,321,1H 6M 34S,6000,NA,NA,NA,NA,20,103
2016-06-08T04:00:00Z,2016-06-09T02:09:04Z,2016-06-09T02:50:13Z,Walk,197,41M 9S,3855,NA,NA,NA,NA,60,96
2016-06-09T04:00:00Z,2016-06-09T22:08:15Z,2016-06-09T22:53:37Z,Walk,210,45M 22S,3849,NA,NA,NA,NA,40,96
2016-06-09T04:00:00Z,2016-06-09T23:50:04Z,2016-06-10T00:38:14Z,Walk,232,48M 10S,4149,NA,NA,NA,NA,110,104
2016-06-11T04:00:00Z,2016-06-11T04:56:50Z,2016-06-11T05:18:43Z,Sport,70,21M 53S,511,NA,NA,NA,NA,NA,97
2016-06-11T04:00:00Z,2016-06-11T15:27:14Z,2016-06-11T15:45:34Z,Workout,142,18M 20S,2161,NA,NA,NA,NA,NA,146
2016-06-12T04:00:00Z,2016-06-12T16:20:42Z,2016-06-12T17:09:53Z,Workout,175,49M 11S,599,NA,NA,NA,NA,NA,114
2016-06-13T04:00:00Z,2016-06-14T03:51:09Z,2016-06-14T04:29:40Z,Walk,202,38M 31S,2755,NA,NA,NA,NA,50,120
2016-06-15T04:00:00Z,2016-06-15T04:21:18Z,2016-06-15T04:53:43Z,Sport,111,32M 25S,614,NA,NA,NA,NA,NA,110
2016-06-18T04:00:00Z,2016-06-18T04:10:35Z,2016-06-18T05:11:09Z,Sport,191,1H 0M 34S,2205,NA,NA,NA,NA,NA,101
2016-06-18T04:00:00Z,2016-06-18T15:13:34Z,2016-06-18T15:44:42Z,Workout,83,31M 8S,480,NA,NA,NA,NA,NA,102
2016-07-02T04:00:00Z,2016-07-02T17:27:06Z,2016-07-02T17:56:28Z,Workout,174,29M 22S,1138,NA,NA,NA,NA,NA,130
2016-07-04T04:00:00Z,2016-07-04T05:11:42Z,2016-07-04T05:33:36Z,Aerobic Workout,111,21M 54S,1948,NA,NA,NA,NA,NA,111
2016-07-05T04:00:00Z,2016-07-06T01:09:52Z,2016-07-06T01:28:02Z,Workout,101,18M 10S,369,NA,NA,NA,NA,NA,128
2016-07-05T04:00:00Z,2016-07-06T02:51:31Z,2016-07-06T03:37:11Z,Walk,203,45M 40S,2969,NA,NA,NA,NA,10,109
2016-07-06T04:00:00Z,2016-07-07T01:32:22Z,2016-07-07T01:45:35Z,Workout,47,13M 13S,327,NA,NA,NA,NA,NA,105
2016-07-07T04:00:00Z,2016-07-08T00:52:04Z,2016-07-08T01:19:36Z,Workout,188,27M 32S,540,NA,NA,NA,NA,NA,143
2016-07-08T04:00:00Z,2016-07-08T22:55:47Z,2016-07-09T00:14:46Z,Workout,160,1H 18M 59S,1054,NA,NA,NA,NA,NA,90
2016-07-12T04:00:00Z,2016-07-12T18:51:25Z,2016-07-12T20:05:14Z,Walk,346,1H 13M 49S,5721,NA,NA,NA,NA,130,111
2016-07-12T04:00:00Z,2016-07-12T21:37:01Z,2016-07-12T22:26:52Z,Walk,252,49M 51S,4171,NA,NA,NA,NA,90,116
2016-07-13T04:00:00Z,2016-07-13T17:00:00Z,2016-07-13T17:45:00Z,Aerobic Workout,0,45M 0S,1655,NA,NA,NA,NA,NA,109
2016-07-18T04:00:00Z,2016-07-18T21:04:43Z,2016-07-18T21:22:13Z,Tennis,72,17M 30S,912,NA,NA,NA,NA,NA,104
2016-07-18T04:00:00Z,2016-07-19T01:24:18Z,2016-07-19T01:38:33Z,Workout,36,14M 15S,193,NA,NA,NA,NA,NA,99
2016-07-20T04:00:00Z,2016-07-20T21:36:43Z,2016-07-20T21:52:28Z,Tennis,59,15M 45S,466,NA,NA,NA,NA,NA,107
2016-07-22T04:00:00Z,2016-07-23T01:33:00Z,2016-07-23T01:44:06Z,Workout,94,11M 6S,1425,NA,NA,NA,NA,NA,151
2016-07-24T04:00:00Z,2016-07-24T21:05:59Z,2016-07-24T21:46:14Z,Aerobic Workout,195,40M 15S,1964,NA,NA,NA,NA,NA,113
2016-07-24T04:00:00Z,2016-07-25T01:41:20Z,2016-07-25T01:57:57Z,Sport,59,16M 37S,858,NA,NA,NA,NA,NA,95
2016-07-27T04:00:00Z,2016-07-27T21:08:27Z,2016-07-27T21:52:10Z,Tennis,156,43M 43S,1357,0.55,Mile,0.75,NA,NA,103
2016-07-28T04:00:00Z,2016-07-29T03:34:04Z,2016-07-29T04:19:35Z,Sport,196,45M 31S,2964,NA,NA,NA,NA,NA,102
2016-07-31T04:00:00Z,2016-08-01T02:50:57Z,2016-08-01T03:08:28Z,Sport,57,17M 31S,435,NA,NA,NA,NA,NA,92
2016-08-03T04:00:00Z,2016-08-03T23:05:53Z,2016-08-03T23:50:35Z,Walk,209,44M 42S,3220,NA,NA,NA,NA,20,103
2016-08-04T04:00:00Z,2016-08-04T18:03:14Z,2016-08-04T18:47:52Z,Walk,208,44M 38S,3577,NA,NA,NA,NA,0,104
2016-08-10T04:00:00Z,2016-08-11T03:39:28Z,2016-08-11T03:58:46Z,Aerobic Workout,102,19M 18S,1675,NA,NA,NA,NA,NA,119
2016-08-24T04:00:00Z,2016-08-25T02:25:51Z,2016-08-25T02:46:02Z,Aerobic Workout,106,20M 11S,689,NA,NA,NA,NA,NA,125
2016-09-07T04:00:00Z,2016-09-07T04:34:40Z,2016-09-07T05:16:23Z,Workout,305,41M 43S,2229,NA,NA,NA,NA,NA,148
2016-09-21T04:00:00Z,2016-09-22T00:42:54Z,2016-09-22T01:06:17Z,Run,208,23M 23S,2994,1.48,Mile,3.8,15M 48.1S,50,165
2016-10-05T04:00:00Z,2016-10-06T01:31:17Z,2016-10-06T02:01:04Z,Run,248,29M 47S,3570,1.98,Mile,4,15M 0.6S,20,153
2016-10-15T04:00:00Z,2016-10-15T22:20:50Z,2016-10-15T22:51:59Z,Walk,211,31M 9S,3203,NA,NA,NA,NA,10,133
2016-10-16T04:00:00Z,2016-10-17T01:04:32Z,2016-10-17T01:39:06Z,Walk,156,34M 34S,2469,NA,NA,NA,NA,0,105
2016-10-17T04:00:00Z,2016-10-18T00:45:39Z,2016-10-18T01:17:39Z,Stairclimber,268,32M 0S,2675,NA,NA,NA,NA,NA,152
2016-10-19T04:00:00Z,2016-10-19T06:15:46Z,2016-10-19T06:37:00Z,Calisthenics,78,21M 14S,621,NA,NA,NA,NA,NA,105
2016-10-20T04:00:00Z,2016-10-20T04:40:39Z,2016-10-20T05:00:03Z,Sport,151,19M 24S,480,NA,NA,NA,NA,NA,155
2016-10-25T04:00:00Z,2016-10-25T05:36:43Z,2016-10-25T06:21:39Z,Workout,319,44M 56S,2035,NA,NA,NA,NA,NA,136
2016-10-28T04:00:00Z,2016-10-28T23:36:15Z,2016-10-29T00:18:19Z,Walk,224,42M 4S,3697,NA,NA,NA,NA,10,112
2016-10-28T04:00:00Z,2016-10-29T01:39:42Z,2016-10-29T02:16:46Z,Walk,187,37M 4S,3586,NA,NA,NA,NA,20,97
2016-10-30T04:00:00Z,2016-10-30T18:28:03Z,2016-10-30T19:43:23Z,Workout,363,1H 15M 20S,5924,NA,NA,NA,NA,NA,107
2016-11-03T04:00:00Z,2016-11-03T19:44:33Z,2016-11-03T21:09:32Z,Workout,240,1H 24M 59S,1282,NA,NA,NA,NA,NA,95
2016-11-12T05:00:00Z,2016-11-12T19:51:42Z,2016-11-12T20:39:39Z,Walk,210,47M 57S,3276,NA,NA,NA,NA,0,106
2016-11-16T05:00:00Z,2016-11-16T20:00:00Z,2016-11-16T21:00:00Z,Yoga,236,1H 0M 0S,0,NA,NA,NA,NA,NA,NA
2016-11-18T05:00:00Z,2016-11-19T02:17:59Z,2016-11-19T03:03:29Z,Walk,217,45M 30S,4042,NA,NA,NA,NA,40,92
2016-11-20T05:00:00Z,2016-11-20T23:00:48Z,2016-11-21T00:57:28Z,Yoga,257,1H 56M 40S,561,NA,NA,NA,NA,NA,94
2016-12-01T05:00:00Z,2016-12-01T20:08:18Z,2016-12-01T20:49:42Z,Workout,362,41M 24S,4658,NA,NA,NA,NA,NA,158
2016-12-07T05:00:00Z,2016-12-07T20:15:00Z,2016-12-07T20:45:00Z,Calisthenics,222,30M 0S,1251,NA,NA,NA,NA,NA,109
2016-12-07T05:00:00Z,2016-12-07T20:45:00Z,2016-12-07T21:15:00Z,Treadmill,108,30M 0S,3725,1.5,Mile,3,NA,NA,148
2016-12-09T05:00:00Z,2016-12-10T02:49:12Z,2016-12-10T03:24:39Z,Walk,154,35M 27S,2819,NA,NA,NA,NA,0,88
2016-12-17T05:00:00Z,2016-12-17T19:18:57Z,2016-12-17T19:27:56Z,Workout,32,8M 59S,260,NA,NA,NA,NA,NA,103
2016-12-21T05:00:00Z,2016-12-21T21:39:20Z,2016-12-21T22:25:39Z,Walk,188,46M 19S,2823,NA,NA,NA,NA,30,96
2017-01-07T05:00:00Z,2017-01-07T05:23:10Z,2017-01-07T06:20:31Z,Calisthenics,307,57M 21S,923,NA,NA,NA,NA,NA,128
2017-01-08T05:00:00Z,2017-01-08T22:24:28Z,2017-01-08T23:03:14Z,Treadmill,326,38M 46S,4579,2.34,Mile,3.62,NA,NA,152
2017-01-09T05:00:00Z,2017-01-09T20:06:42Z,2017-01-09T20:34:57Z,Rowing Machine,226,28M 15S,2386,0.96,Mile,2.04,NA,NA,151
2017-01-09T05:00:00Z,2017-01-09T20:34:24Z,2017-01-09T21:06:23Z,Walk,113,31M 59S,1635,NA,NA,NA,NA,20,130
2017-01-11T05:00:00Z,2017-01-12T04:14:51Z,2017-01-12T05:16:42Z,Workout,149,1H 1M 51S,64,NA,NA,NA,NA,NA,100
2017-01-12T05:00:00Z,2017-01-12T05:29:37Z,2017-01-12T06:13:15Z,Workout,172,43M 38S,1031,NA,NA,NA,NA,NA,113
2017-01-14T05:00:00Z,2017-01-14T23:59:16Z,2017-01-15T00:42:18Z,Golf,107,43M 2S,325,NA,NA,NA,NA,0,97
2017-01-16T05:00:00Z,2017-01-16T21:11:11Z,2017-01-16T21:45:05Z,Workout,328,33M 54S,4321,NA,NA,NA,NA,NA,165
2017-01-17T05:00:00Z,2017-01-17T23:26:26Z,2017-01-18T00:01:04Z,Walk,172,34M 38S,2857,NA,NA,NA,NA,90,108
2017-01-19T05:00:00Z,2017-01-20T04:54:20Z,2017-01-20T05:25:51Z,Workout,294,31M 31S,4265,NA,NA,NA,NA,NA,161
2017-01-20T05:00:00Z,2017-01-20T05:32:27Z,2017-01-20T06:03:58Z,Calisthenics,155,31M 31S,415,NA,NA,NA,NA,NA,116
2017-01-20T05:00:00Z,2017-01-20T21:11:33Z,2017-01-20T21:31:49Z,Stairclimber,147,20M 16S,1686,0.71,Mile,2.1,NA,NA,141
2017-01-20T05:00:00Z,2017-01-20T21:41:33Z,2017-01-20T22:23:06Z,Weights,177,41M 33S,658,NA,NA,NA,NA,NA,114
2017-01-23T05:00:00Z,2017-01-24T00:05:40Z,2017-01-24T00:43:40Z,Walk,148,38M 0S,2324,NA,NA,NA,NA,40,99
2017-01-26T05:00:00Z,2017-01-26T20:57:14Z,2017-01-26T21:53:03Z,Calisthenics,194,55M 49S,898,NA,NA,NA,NA,NA,106
2017-01-27T05:00:00Z,2017-01-27T20:09:43Z,2017-01-27T20:38:33Z,Workout,260,28M 50S,3617,NA,NA,NA,NA,NA,156
2017-01-27T05:00:00Z,2017-01-27T20:44:02Z,2017-01-27T21:21:28Z,Workout,277,37M 26S,437,NA,NA,NA,NA,NA,147
2017-01-28T05:00:00Z,2017-01-28T22:50:27Z,2017-01-28T23:21:39Z,Walk,136,31M 12S,2324,NA,NA,NA,NA,10,102
2017-01-30T05:00:00Z,2017-01-30T20:57:06Z,2017-01-30T21:47:24Z,Calisthenics,178,50M 18S,790,NA,NA,NA,NA,NA,109
2017-02-02T05:00:00Z,2017-02-03T04:33:18Z,2017-02-03T05:01:24Z,Hike,230,28M 6S,2947,1.31,Mile,2.8,21M 24.9S,0,149
2017-02-03T05:00:00Z,2017-02-03T23:35:59Z,2017-02-04T00:15:55Z,Workout,207,39M 56S,454,NA,NA,NA,NA,NA,129
2017-02-07T05:00:00Z,2017-02-07T19:59:40Z,2017-02-07T20:46:44Z,Workout,265,47M 4S,2127,NA,NA,NA,NA,NA,134
2017-02-10T05:00:00Z,2017-02-10T21:02:49Z,2017-02-10T21:33:19Z,Treadmill,292,30M 30S,4356,2.39,Mile,4.69,NA,NA,157
2017-02-10T05:00:00Z,2017-02-10T21:43:08Z,2017-02-10T22:06:48Z,Calisthenics,147,23M 40S,649,NA,NA,NA,NA,NA,133
2017-02-13T05:00:00Z,2017-02-13T23:40:43Z,2017-02-14T00:48:09Z,Walk,264,1H 7M 26S,4277,NA,NA,NA,NA,10,84
2017-02-16T05:00:00Z,2017-02-16T09:32:39Z,2017-02-16T09:52:52Z,Aerobic Workout,82,20M 13S,884,NA,NA,NA,NA,NA,103
2017-02-24T05:00:00Z,2017-02-25T02:46:04Z,2017-02-25T03:44:49Z,Workout,350,58M 45S,1174,NA,NA,NA,NA,NA,133
2017-03-02T05:00:00Z,2017-03-03T01:30:35Z,2017-03-03T02:11:02Z,Walk,208,40M 27S,3724,NA,NA,NA,NA,110,107
2017-03-03T05:00:00Z,2017-03-03T18:38:33Z,2017-03-03T19:08:52Z,Walk,157,30M 19S,2582,NA,NA,NA,NA,40,116
2017-03-04T05:00:00Z,2017-03-04T20:44:42Z,2017-03-04T21:28:29Z,Walk,198,43M 47S,3450,NA,NA,NA,NA,80,99
2017-03-05T05:00:00Z,2017-03-05T20:24:17Z,2017-03-05T21:45:18Z,Walk,366,1H 21M 1S,6631,NA,NA,NA,NA,130,106
2017-03-08T05:00:00Z,2017-03-09T03:18:40Z,2017-03-09T03:49:48Z,Walk,124,31M 8S,1992,NA,NA,NA,NA,0,95
2017-03-26T04:00:00Z,2017-03-26T04:11:55Z,2017-03-26T04:39:14Z,Aerobic Workout,126,27M 19S,656,NA,NA,NA,NA,NA,120
2017-04-05T04:00:00Z,2017-04-05T18:58:55Z,2017-04-05T19:53:32Z,Walk,244,54M 37S,3872,NA,NA,NA,NA,90,108
2017-04-12T04:00:00Z,2017-04-12T18:49:10Z,2017-04-12T19:40:04Z,Walk,244,50M 54S,4180,NA,NA,NA,NA,100,108
2017-04-16T04:00:00Z,2017-04-16T18:54:00Z,2017-04-16T20:13:00Z,"Running (jogging), 5 mph (12 min mile) (MyFitnessPal)",409,1H 19M 0S,9865,0,Mile,0,NA,NA,144
2017-04-16T04:00:00Z,2017-04-16T18:54:28Z,2017-04-16T20:14:40Z,Run,415,1H 20M 12S,10027,5,Mile,3.74,16M 3.2S,168,143
2017-04-19T04:00:00Z,2017-04-19T19:36:42Z,2017-04-19T20:15:05Z,Walk,185,38M 23S,3144,NA,NA,NA,NA,60,108
2017-04-24T04:00:00Z,2017-04-24T17:47:57Z,2017-04-24T18:22:04Z,Walk,189,34M 7S,2521,NA,NA,NA,NA,20,118
2017-04-28T04:00:00Z,2017-04-28T21:30:25Z,2017-04-28T22:57:42Z,Hike,525,1H 27M 17S,7847,3.1,Mile,2.13,28M 8.2S,98,125
2017-05-01T04:00:00Z,2017-05-01T05:07:02Z,2017-05-01T05:40:19Z,Walk,178,33M 17S,3473,NA,NA,NA,NA,0,113
2017-05-01T04:00:00Z,2017-05-01T17:12:52Z,2017-05-01T17:44:45Z,Yoga,62,31M 53S,57,NA,NA,NA,NA,32,97
2017-05-01T04:00:00Z,2017-05-01T17:45:26Z,2017-05-01T17:56:13Z,Calisthenics,36,10M 47S,292,NA,NA,NA,NA,8,103
2017-05-03T04:00:00Z,2017-05-03T17:01:14Z,2017-05-03T17:30:00Z,Run,254,28M 44S,3737,1.86,Mile,3.88,15M 28.1S,32,152
2017-05-03T04:00:00Z,2017-05-03T13:30:00Z,2017-05-03T13:43:00Z,Calisthenics,98,13M 0S,461,NA,NA,NA,NA,NA,122
2017-05-03T04:00:00Z,2017-05-04T03:22:32Z,2017-05-04T03:58:21Z,Walk,195,35M 49S,3681,NA,NA,NA,NA,0,104
2017-05-07T04:00:00Z,2017-05-07T05:22:27Z,2017-05-07T06:23:53Z,Walk,326,1H 1M 26S,6416,NA,NA,NA,NA,0,100
2017-05-07T04:00:00Z,2017-05-07T19:45:48Z,2017-05-07T20:03:33Z,Workout,119,17M 39S,1077,NA,NA,NA,NA,28,131
2017-05-11T04:00:00Z,2017-05-11T21:35:17Z,2017-05-11T22:12:50Z,Walk,192,37M 33S,3549,NA,NA,NA,NA,10,104
2017-05-16T04:00:00Z,2017-05-16T19:19:14Z,2017-05-16T19:49:57Z,Walk,136,30M 43S,2404,NA,NA,NA,NA,10,96
2017-05-17T04:00:00Z,2017-05-17T11:05:00Z,2017-05-17T11:15:00Z,Calisthenics,75,10M 0S,317,NA,NA,NA,NA,NA,99
2017-05-18T04:00:00Z,2017-05-18T17:29:15Z,2017-05-18T17:50:36Z,Run,189,21M 18S,2943,1.48,Mile,4.18,14M 21.7S,38,151
2017-05-18T04:00:00Z,2017-05-18T12:55:00Z,2017-05-18T13:15:00Z,Calisthenics,150,20M 0S,345,NA,NA,NA,NA,NA,126
2017-05-23T04:00:00Z,2017-05-23T08:12:29Z,2017-05-23T08:18:55Z,Workout,23,6M 26S,110,NA,NA,NA,NA,6,108
2017-06-11T04:00:00Z,2017-06-11T19:41:11Z,2017-06-11T20:17:02Z,Walk,156,35M 51S,2647,NA,NA,NA,NA,0,105
2017-06-20T04:00:00Z,2017-06-21T03:54:56Z,2017-06-21T04:39:18Z,Walk,183,44M 22S,2980,NA,NA,NA,NA,3,96
2017-06-22T04:00:00Z,2017-06-22T18:41:32Z,2017-06-22T18:59:35Z,Workout,125,18M 3S,477,NA,NA,NA,NA,16,136
2017-06-26T04:00:00Z,2017-06-27T01:20:32Z,2017-06-27T02:46:43Z,Walk,390,1H 26M 11S,7175,NA,NA,NA,NA,50,94
2017-07-01T04:00:00Z,2017-07-02T01:59:25Z,2017-07-02T02:30:59Z,Walk,121,31M 34S,1811,NA,NA,NA,NA,30,103
2017-07-11T04:00:00Z,2017-07-11T23:19:56Z,2017-07-11T23:54:04Z,Walk,151,34M 8S,2156,NA,NA,NA,NA,40,109
2017-07-12T04:00:00Z,2017-07-12T23:18:40Z,2017-07-12T23:52:48Z,Walk,141,34M 8S,2185,NA,NA,NA,NA,40,102
2017-07-21T04:00:00Z,2017-07-21T23:21:29Z,2017-07-21T23:56:28Z,Walk,145,34M 59S,2114,NA,NA,NA,NA,50,103
2017-07-28T04:00:00Z,2017-07-28T20:36:25Z,2017-07-28T21:07:59Z,Walk,139,31M 34S,2172,NA,NA,NA,NA,0,NA
2017-07-28T04:00:00Z,2017-07-28T21:53:13Z,2017-07-28T22:36:44Z,Walk,173,43M 31S,2521,NA,NA,NA,NA,0,NA
2017-08-03T04:00:00Z,2017-08-03T23:23:18Z,2017-08-03T23:58:16Z,Walk,153,34M 58S,2226,NA,NA,NA,NA,52.66,106
2017-08-04T04:00:00Z,2017-08-04T23:17:44Z,2017-08-04T23:49:19Z,Walk,131,31M 35S,2134,NA,NA,NA,NA,50,98
2017-08-22T04:00:00Z,2017-08-22T17:52:59Z,2017-08-22T18:39:54Z,Walk,223,46M 55S,4062,NA,NA,NA,NA,138,102
2017-08-22T04:00:00Z,2017-08-23T02:32:40Z,2017-08-23T03:03:23Z,Walk,163,30M 43S,2981,NA,NA,NA,NA,0,110
2017-08-24T04:00:00Z,2017-08-24T23:13:51Z,2017-08-24T23:49:42Z,Walk,189,35M 51S,3161,NA,NA,NA,NA,50,113
2017-08-28T04:00:00Z,2017-08-28T16:27:28Z,2017-08-28T17:02:17Z,Run,255,34M 49S,4260,0.56,Mile,0.97,1H 1M 43.9S,31,136
2017-08-28T04:00:00Z,2017-08-29T02:47:46Z,2017-08-29T03:37:15Z,Walk,259,49M 29S,3533,NA,NA,NA,NA,60,117
2017-08-31T04:00:00Z,2017-08-31T20:46:24Z,2017-08-31T21:39:19Z,Walk,249,52M 55S,3933,NA,NA,NA,NA,120,111
2017-09-01T04:00:00Z,2017-09-02T01:01:59Z,2017-09-02T01:41:14Z,Walk,242,39M 15S,3985,NA,NA,NA,NA,40,NA
2017-09-03T04:00:00Z,2017-09-03T22:40:04Z,2017-09-03T23:13:21Z,Walk,162,33M 17S,2904,NA,NA,NA,NA,10,101
2017-09-03T04:00:00Z,2017-09-04T00:11:23Z,2017-09-04T00:43:48Z,Walk,151,32M 25S,2806,NA,NA,NA,NA,20,93
2017-09-04T04:00:00Z,2017-09-04T15:01:00Z,2017-09-04T16:01:00Z,Tennis,389,1H 0M 0S,807,0.33,Mile,0.33,NA,NA,98
2017-09-04T04:00:00Z,2017-09-04T20:06:03Z,2017-09-04T20:37:38Z,Walk,168,31M 35S,2981,NA,NA,NA,NA,110,106
2017-09-13T04:00:00Z,2017-09-13T17:51:40Z,2017-09-13T17:51:46Z,Workout,0,6S,0,NA,NA,NA,NA,NA,NA
2017-09-13T04:00:00Z,2017-09-13T17:56:36Z,2017-09-13T18:25:58Z,Weights,90,29M 22S,370,NA,NA,NA,NA,15,103
2017-09-17T04:00:00Z,2017-09-17T13:05:00Z,2017-09-17T13:35:00Z,Calisthenics,221,30M 0S,398,NA,NA,NA,NA,NA,NA
2017-09-26T04:00:00Z,2017-09-26T04:18:01Z,2017-09-26T04:51:05Z,Treadmill,248,33M 4S,3651,1.79,Mile,3.24,NA,22,146
2017-09-27T04:00:00Z,2017-09-27T16:30:00Z,2017-09-27T16:55:00Z,Run,185,25M 0S,1360,0.8,Mile,1.92,31M 15S,150,134
2017-10-02T04:00:00Z,2017-10-03T01:46:00Z,2017-10-03T02:13:00Z,Interval Workout,200,26M 56S,3172,0.74,Mile,1.66,36M 13.7S,18,143
2017-10-03T04:00:00Z,2017-10-04T03:41:41Z,2017-10-04T04:20:58Z,Workout,155,39M 17S,1394,NA,NA,NA,NA,34,112
2017-10-05T04:00:00Z,2017-10-05T04:01:02Z,2017-10-05T04:45:24Z,Walk,197,44M 22S,3331,NA,NA,NA,NA,10,108
2017-10-05T04:00:00Z,2017-10-05T06:10:44Z,2017-10-05T06:44:52Z,Walk,145,34M 8S,2174,NA,NA,NA,NA,0,105
2017-10-06T04:00:00Z,2017-10-07T00:14:18Z,2017-10-07T00:45:18Z,Treadmill,218,31M 0S,3132,1.41,Mile,2.74,NA,24,136
2017-10-21T04:00:00Z,2017-10-21T21:48:53Z,2017-10-21T22:23:53Z,Walk,172,35M 0S,2995,NA,NA,NA,NA,60,115
2017-11-04T04:00:00Z,2017-11-04T20:52:16Z,2017-11-04T22:36:23Z,Walk,478,1H 44M 7S,8371,NA,NA,NA,NA,60,105
2017-11-05T04:00:00Z,2017-11-05T06:42:58Z,2017-11-05T07:27:21Z,Walk,214,44M 23S,3873,NA,NA,NA,NA,110,108
2017-11-05T04:00:00Z,2017-11-05T19:44:06Z,2017-11-05T20:27:54Z,Weights,129,43M 45S,332,NA,NA,NA,NA,34,110
2017-11-06T05:00:00Z,2017-11-07T04:06:51Z,2017-11-07T04:34:02Z,Treadmill,224,27M 11S,3007,1.36,Mile,3,NA,13,150
2017-11-07T05:00:00Z,2017-11-08T00:05:05Z,2017-11-08T00:39:51Z,Weights,134,34M 46S,872,NA,NA,NA,NA,11,116
2017-11-15T05:00:00Z,2017-11-15T19:42:34Z,2017-11-15T20:24:37Z,Weights,240,42M 3S,899,NA,NA,NA,NA,33,130
2017-11-21T05:00:00Z,2017-11-21T06:29:00Z,2017-11-21T07:01:20Z,Treadmill,283,32M 20S,4078,1.95,Mile,3.61,NA,28,158
2017-11-21T05:00:00Z,2017-11-22T00:33:28Z,2017-11-22T01:22:11Z,Walk,183,48M 43S,2817,NA,NA,NA,NA,10,101
2017-11-23T05:00:00Z,2017-11-23T20:53:24Z,2017-11-23T21:41:11Z,Walk,224,47M 47S,3701,NA,NA,NA,NA,200,100
2017-11-28T05:00:00Z,2017-11-28T05:15:17Z,2017-11-28T06:16:25Z,Cardio Sculpt,458,1H 1M 5S,4389,NA,NA,NA,NA,40,145
2017-11-28T05:00:00Z,2017-11-29T01:30:00Z,2017-11-29T03:00:00Z,Ice skating,584,1H 30M 0S,4263,NA,NA,NA,NA,NA,NA
2017-12-01T05:00:00Z,2017-12-01T05:26:34Z,2017-12-01T06:01:48Z,Workout,201,35M 14S,942,NA,NA,NA,NA,44,127
2017-12-02T05:00:00Z,2017-12-02T11:26:55Z,2017-12-02T11:56:47Z,Aerobic Workout,187,29M 52S,2515,NA,NA,NA,NA,NA,127
2017-12-02T05:00:00Z,2017-12-02T12:03:36Z,2017-12-02T12:38:34Z,Walk,201,34M 58S,3709,NA,NA,NA,NA,120,109
2017-12-02T05:00:00Z,2017-12-03T04:08:44Z,2017-12-03T04:39:27Z,Walk,143,30M 43S,2599,NA,NA,NA,NA,10,101
2017-12-05T05:00:00Z,2017-12-06T00:00:00Z,2017-12-06T00:50:00Z,Weights,277,50M 0S,585,NA,NA,NA,NA,NA,NA
2017-12-11T05:00:00Z,2017-12-12T01:22:00Z,2017-12-12T02:22:00Z,Aerobic Workout,223,1H 0M 0S,5322,NA,NA,NA,NA,NA,154
2017-12-18T05:00:00Z,2017-12-18T19:00:00Z,2017-12-18T20:00:00Z,Yoga,242,1H 0M 0S,0,NA,NA,NA,NA,NA,NA
2017-12-29T05:00:00Z,2017-12-29T20:24:07Z,2017-12-29T20:36:00Z,Workout,83,11M 13S,1075,NA,NA,NA,NA,6,138
2017-12-29T05:00:00Z,2017-12-29T23:57:01Z,2017-12-30T00:32:00Z,Walk,145,34M 59S,2247,NA,NA,NA,NA,0,100
2017-12-31T05:00:00Z,2017-12-31T22:59:51Z,2017-12-31T23:37:24Z,Walk,167,37M 33S,2812,NA,NA,NA,NA,40,100
2018-01-02T05:00:00Z,2018-01-02T20:21:02Z,2018-01-02T21:05:30Z,Weights,165,44M 28S,484,NA,NA,NA,NA,45,114
2018-01-03T05:00:00Z,2018-01-03T22:23:13Z,2018-01-03T22:50:31Z,Treadmill,241,27M 18S,3533,1.72,Mile,3.78,NA,25,152
2018-01-04T05:00:00Z,2018-01-04T22:05:05Z,2018-01-04T23:10:25Z,Workout,279,1H 5M 19S,350,NA,NA,NA,NA,143,115
2018-01-05T05:00:00Z,2018-01-05T21:37:26Z,2018-01-05T22:21:58Z,Workout,373,44M 32S,4367,NA,NA,NA,NA,61,151
2018-01-07T05:00:00Z,2018-01-07T23:18:20Z,2018-01-07T23:52:23Z,Weights,142,34M 3S,276,NA,NA,NA,NA,31,115
2018-01-08T05:00:00Z,2018-01-08T21:58:12Z,2018-01-08T23:02:26Z,Kickboxing,409,1H 4M 14S,2381,NA,NA,NA,NA,101,135
2018-01-10T05:00:00Z,2018-01-10T07:33:03Z,2018-01-10T08:17:33Z,Weights,186,44M 30S,634,NA,NA,NA,NA,43,113
2018-01-10T05:00:00Z,2018-01-10T21:35:32Z,2018-01-10T22:06:00Z,Treadmill,276,30M 28S,3848,1.85,Mile,3.64,NA,26,156
2018-01-12T05:00:00Z,2018-01-12T07:00:15Z,2018-01-12T07:59:57Z,Workout,138,59M 42S,43,NA,NA,NA,NA,76,99
2018-01-16T05:00:00Z,2018-01-17T04:17:30Z,2018-01-17T04:18:14Z,Run,4,44S,74,0.03,Mile,2.39,25M 9.2S,0,99
2018-01-16T05:00:00Z,2018-01-17T04:18:25Z,2018-01-17T05:16:14Z,Workout,474,57M 49S,3158,NA,NA,NA,NA,51,153
2018-01-17T05:00:00Z,2018-01-17T20:45:10Z,2018-01-17T21:22:14Z,Weights,161,37M 2S,589,NA,NA,NA,NA,32,120
2018-01-18T05:00:00Z,2018-01-18T23:00:00Z,2018-01-19T00:00:00Z,Yoga,243,1H 0M 0S,0,NA,NA,NA,NA,NA,NA
2018-01-19T05:00:00Z,2018-01-19T20:52:44Z,2018-01-19T21:38:33Z,Treadmill,405,45M 49S,6670,3.55,Mile,4.65,NA,40,154
2018-01-20T05:00:00Z,2018-01-21T01:14:50Z,2018-01-21T02:02:01Z,Walk,238,47M 11S,4403,NA,NA,NA,NA,10,100
2018-01-23T05:00:00Z,2018-01-23T06:35:00Z,2018-01-23T07:00:33Z,Treadmill,234,25M 33S,3207,1.52,Mile,3.58,NA,26,158
2018-01-23T05:00:00Z,2018-01-23T07:02:06Z,2018-01-23T07:24:30Z,Weights,122,22M 24S,110,NA,NA,NA,NA,21,126
2018-01-23T05:00:00Z,2018-01-24T04:14:12Z,2018-01-24T05:15:24Z,Workout,472,1H 1M 12S,3899,NA,NA,NA,NA,71,146
2018-01-25T05:00:00Z,2018-01-26T03:49:39Z,2018-01-26T05:05:44Z,Workout,328,1H 16M 5S,130,NA,NA,NA,NA,61,119
2018-01-27T05:00:00Z,2018-01-28T01:50:36Z,2018-01-28T02:55:47Z,Run,559,1H 5M 11S,9605,5.11,Mile,4.71,12M 45.1S,219,153
2018-01-30T05:00:00Z,2018-01-30T07:00:02Z,2018-01-30T08:09:26Z,Yoga,92,1H 9M 24S,119,NA,NA,NA,NA,78,85
2018-01-31T05:00:00Z,2018-01-31T21:33:10Z,2018-01-31T22:07:20Z,Treadmill,261,34M 8S,2752,1.24,Mile,2.18,NA,47,146
2018-02-01T05:00:00Z,2018-02-02T04:15:57Z,2018-02-02T05:14:25Z,Workout,443,58M 28S,1582,NA,NA,NA,NA,52,149
2018-02-06T05:00:00Z,2018-02-06T06:33:03Z,2018-02-06T07:07:38Z,Weights,137,34M 35S,626,NA,NA,NA,NA,26,111
2018-02-08T05:00:00Z,2018-02-08T06:21:13Z,2018-02-08T06:47:59Z,Treadmill,215,26M 46S,3253,1.49,Mile,3.34,NA,23,143
2018-02-13T05:00:00Z,2018-02-13T06:27:14Z,2018-02-13T07:00:24Z,Weights,100,33M 10S,169,NA,NA,NA,NA,16,104
2018-02-20T05:00:00Z,2018-02-20T05:36:40Z,2018-02-20T06:07:21Z,Weights,155,30M 41S,515,NA,NA,NA,NA,23,120
2018-02-22T05:00:00Z,2018-02-22T07:38:12Z,2018-02-22T07:58:15Z,Treadmill,164,20M 3S,2389,1.12,Mile,3.34,NA,16,143
2018-02-23T05:00:00Z,2018-02-24T04:21:35Z,2018-02-24T05:20:00Z,Workout,488,58M 25S,2687,NA,NA,NA,NA,NA,156
2018-02-27T05:00:00Z,2018-02-27T07:47:59Z,2018-02-27T08:25:28Z,Weights,146,37M 29S,437,NA,NA,NA,NA,37,113
2018-02-28T05:00:00Z,2018-02-28T21:51:39Z,2018-02-28T22:26:38Z,Treadmill,248,34M 59S,3402,1.67,Mile,2.87,NA,64,155
2018-03-01T05:00:00Z,2018-03-02T04:20:59Z,2018-03-02T05:16:29Z,Workout,456,55M 30S,2315,NA,NA,NA,NA,90,153
2018-03-04T05:00:00Z,2018-03-04T21:46:48Z,2018-03-04T22:36:17Z,Walk,252,49M 29S,4000,NA,NA,NA,NA,150,111
2018-03-10T05:00:00Z,2018-03-10T19:48:12Z,2018-03-10T20:40:15Z,Walk,283,52M 3S,5011,NA,NA,NA,NA,90,109
2018-03-13T04:00:00Z,2018-03-14T00:47:03Z,2018-03-14T01:44:13Z,Walk,225,57M 10S,3597,NA,NA,NA,NA,60,97
2018-03-16T04:00:00Z,2018-03-16T13:26:32Z,2018-03-16T15:49:02Z,Walk,674,2H 22M 30S,11941,NA,NA,NA,NA,50,97
2018-03-16T04:00:00Z,2018-03-17T00:36:23Z,2018-03-17T01:31:00Z,Walk,259,54M 37S,4605,NA,NA,NA,NA,0,103
2018-03-21T04:00:00Z,2018-03-21T21:47:19Z,2018-03-21T22:12:25Z,Treadmill,211,25M 6S,3247,1.54,Mile,3.68,NA,38,149
2018-03-24T04:00:00Z,2018-03-24T19:31:21Z,2018-03-24T20:01:58Z,Run,255,30M 37S,4687,2.53,Mile,4.95,12M 7.4S,45,150
2018-03-25T04:00:00Z,2018-03-25T23:37:40Z,2018-03-26T00:26:18Z,Walk,252,48M 38S,4509,NA,NA,NA,NA,50,109
2018-03-31T04:00:00Z,2018-03-31T05:24:34Z,2018-03-31T05:56:09Z,Sport,135,31M 35S,825,NA,NA,NA,NA,NA,113
2018-03-31T04:00:00Z,2018-03-31T06:26:52Z,2018-03-31T06:48:12Z,Aerobic Workout,102,21M 20S,977,NA,NA,NA,NA,NA,113
2018-04-05T04:00:00Z,2018-04-06T02:23:43Z,2018-04-06T03:02:56Z,Aerobic Workout,202,39M 13S,1365,NA,NA,NA,NA,NA,119
2018-04-20T04:00:00Z,2018-04-21T02:17:14Z,2018-04-21T03:13:58Z,Workout,438,56M 44S,1778,NA,NA,NA,NA,51,150
2018-04-26T04:00:00Z,2018-04-26T22:15:00Z,2018-04-26T23:15:00Z,Boxing,668,1H 0M 0S,2068,NA,NA,NA,NA,NA,126
2018-05-09T04:00:00Z,2018-05-09T20:02:28Z,2018-05-09T20:25:30Z,Run,213,23M 2S,3425,NA,NA,NA,NA,30,155
2018-05-12T04:00:00Z,2018-05-12T18:14:13Z,2018-05-12T18:45:56Z,Treadmill,289,31M 43S,4713,2.52,Mile,4.76,NA,40,159
2018-05-17T04:00:00Z,2018-05-17T19:16:15Z,2018-05-17T19:48:00Z,Run,289,31M 45S,4573,0.9,Mile,1.7,35M 14.4S,10,NA
2018-05-19T04:00:00Z,2018-05-19T17:47:04Z,2018-05-19T18:12:00Z,Run,220,24M 56S,3891,2.13,Mile,5.13,11M 42S,10,153
2018-05-19T04:00:00Z,2018-05-19T21:44:39Z,2018-05-19T22:30:44Z,Walk,247,46M 5S,4598,NA,NA,NA,NA,10,106
2018-05-23T04:00:00Z,2018-05-23T04:09:28Z,2018-05-23T04:31:48Z,Run,208,22M 20S,3769,2.07,Mile,5.57,10M 46.4S,10,152
2018-05-27T04:00:00Z,2018-05-27T12:20:00Z,2018-05-27T12:48:00Z,Run,261,28M 0S,4253,2.5,Mile,5.36,11M 12S,10,171
2018-05-30T04:00:00Z,2018-05-30T04:32:19Z,2018-05-30T04:57:30Z,Run,251,25M 11S,4179,2.24,Mile,5.33,11M 15.3S,30,164
2018-06-01T04:00:00Z,2018-06-01T04:33:04Z,2018-06-01T04:58:08Z,Run,271,25M 4S,4114,2.35,Mile,5.62,10M 40.6S,10,173
2018-06-04T04:00:00Z,2018-06-04T04:32:56Z,2018-06-04T05:01:31Z,Run,290,28M 35S,4634,2.54,Mile,5.33,11M 16S,40,164
2018-06-06T04:00:00Z,2018-06-06T04:46:05Z,2018-06-06T05:18:14Z,Run,315,32M 9S,5507,3.1,Mile,5.79,10M 21.6S,20,156
2018-06-10T04:00:00Z,2018-06-11T03:40:52Z,2018-06-11T04:20:54Z,Run,404,40M 2S,7008,3.67,Mile,5.51,10M 53.9S,0,162
2018-06-14T04:00:00Z,2018-06-14T04:58:42Z,2018-06-14T05:18:06Z,Run,212,19M 24S,3083,2,Mile,6.2,9M 40.6S,0,168
2018-06-20T04:00:00Z,2018-06-20T04:55:57Z,2018-06-20T05:27:42Z,Run,353,31M 45S,5500,3,Mile,5.67,10M 34.7S,20,170
2018-06-24T04:00:00Z,2018-06-24T04:49:00Z,2018-06-24T05:04:00Z,"Running (jogging), 5 mph (12 min mile) (MyFitnessPal)",89,15M 0S,1880,0,Mile,0,NA,NA,131
2018-06-24T04:00:00Z,2018-06-24T04:49:14Z,2018-06-24T05:21:43Z,Run,250,32M 29S,4604,2.32,Mile,4.29,13M 59.5S,29,143
2018-06-24T04:00:00Z,2018-06-24T23:22:05Z,2018-06-25T00:54:56Z,Dancing,628,1H 32M 51S,8493,NA,NA,NA,NA,NA,129
2018-06-28T04:00:00Z,2018-06-28T04:47:36Z,2018-06-28T05:33:11Z,Run,485,43M 52.7S,7512,4,Mile,5.47,10M 57.9S,3.5,172
2018-06-30T04:00:00Z,2018-06-30T20:06:21Z,2018-06-30T20:15:56Z,Run,94,9M 35S,1452,0.87,Mile,5.45,11M 0.7S,0,160
2018-06-30T04:00:00Z,2018-06-30T20:23:19Z,2018-06-30T21:08:29Z,Bike,408,45M 10S,NA,6.05,Mile,8.03,NA,114,159
2018-07-04T04:00:00Z,2018-07-04T04:43:06Z,2018-07-04T05:35:07Z,Run,561,51M 28S,8640,4.51,Mile,5.26,11M 24.3S,60,171
2018-07-10T04:00:00Z,2018-07-10T04:56:59Z,2018-07-10T05:46:58Z,Run,520,49M 44S,8088,4,Mile,4.83,12M 25.6S,40,168
2018-07-14T04:00:00Z,2018-07-14T19:13:12Z,2018-07-14T19:32:10Z,Run,213,18M 58S,3226,1.88,Mile,5.94,10M 6S,0,172
2018-07-18T04:00:00Z,2018-07-18T04:56:33Z,2018-07-18T05:35:00Z,Run,370,35M 30.7S,5994,2.88,Mile,4.87,12M 19.4S,10,165
2018-07-21T04:00:00Z,2018-07-21T05:10:33Z,2018-07-21T05:31:03Z,Run,208,20M 30S,3281,2,Mile,5.85,10M 15.1S,0,159
2018-07-22T04:00:00Z,2018-07-22T15:53:12Z,2018-07-22T17:09:03Z,Run,840,1H 15M 51S,13013,6.38,Mile,5.05,11M 53S,139,175
2018-07-26T04:00:00Z,2018-07-26T04:44:11Z,2018-07-26T05:08:45Z,Run,228,24M 34S,3600,1.8,Mile,4.39,13M 40.4S,26,155
2018-07-29T04:00:00Z,2018-07-29T19:47:27Z,2018-07-29T19:55:54Z,Run,77,8M 27S,1373,0.69,Mile,4.87,12M 19.6S,0,148
2018-07-29T04:00:00Z,2018-07-29T20:00:44Z,2018-07-29T20:59:26Z,Bike,432,58M 37S,NA,8.08,Mile,8.27,NA,139,139
2018-08-02T04:00:00Z,2018-08-02T04:56:39Z,2018-08-02T05:16:47Z,Run,184,20M 8S,3064,1.51,Mile,4.5,13M 20.3S,21,150
2018-08-03T04:00:00Z,2018-08-03T04:53:51Z,2018-08-03T05:19:57Z,Run,256,26M 5S,4298,1.99,Mile,4.58,13M 5.6S,28,159
2018-08-05T04:00:00Z,2018-08-05T17:58:58Z,2018-08-05T19:05:35Z,Run,663,1H 6M 37S,11206,4.67,Mile,4.21,14M 16.1S,84,164
2018-08-11T04:00:00Z,2018-08-11T22:24:22Z,2018-08-11T22:51:09Z,Treadmill,163,26M 47S,3539,1.79,Mile,4,NA,31,164
2018-08-11T04:00:00Z,2018-08-11T22:26:00Z,2018-08-11T22:27:00Z,"Running (jogging), 6.7 mph (9 min mile) (MyFitnessPal)",14,1M 0S,131,0,Mile,0,NA,NA,156
2018-08-11T04:00:00Z,2018-08-11T22:28:00Z,2018-08-11T22:49:00Z,"Running (jogging), 5 mph (12 min mile) (MyFitnessPal)",103,21M 0S,2676,0,Mile,0,NA,NA,167
2018-08-22T04:00:00Z,2018-08-23T03:22:13Z,2018-08-23T03:41:04Z,Run,206,18M 47.5S,3105,1.88,Mile,5.99,10M 0.4S,0,170
2018-08-25T04:00:00Z,2018-08-25T19:33:21Z,2018-08-25T21:00:00Z,Run,804,1H 26M 39S,14460,6.18,Mile,4.28,14M 1.2S,155,155
2018-09-06T04:00:00Z,2018-09-06T04:12:30Z,2018-09-06T04:36:27Z,Treadmill,238,23M 57S,2506,1.43,Mile,3.59,NA,24,164
2018-09-10T04:00:00Z,2018-09-11T03:18:41Z,2018-09-11T04:17:36Z,Kickboxing,393,58M 55S,1598,NA,NA,NA,NA,70,133
2018-09-16T04:00:00Z,2018-09-17T02:42:26Z,2018-09-17T03:20:46Z,Run,384,38M 20S,6306,3.12,Mile,4.89,12M 16.2S,43,163
2018-09-20T04:00:00Z,2018-09-20T04:29:05Z,2018-09-20T05:01:36Z,Treadmill,314,32M 31S,4668,2.28,Mile,4.2,NA,25,161
2018-09-21T04:00:00Z,2018-09-22T01:26:44Z,2018-09-22T02:33:10Z,Run,649,1H 6M 26S,11006,4.75,Mile,4.29,13M 58.7S,11.67,158
2018-09-28T04:00:00Z,2018-09-28T04:36:30Z,2018-09-28T05:00:48Z,Treadmill,238,24M 18S,4082,2.01,Mile,4.97,NA,17,159
2018-09-29T04:00:00Z,2018-09-29T17:02:56Z,2018-09-29T18:15:15Z,Run,781,1H 12M 17S,12664,6.25,Mile,5.19,11M 34.3S,113,172
2018-10-01T04:00:00Z,2018-10-02T02:00:54Z,2018-10-02T02:19:45Z,Treadmill,179,18M 51S,3198,1.58,Mile,5.02,NA,11,155
2018-10-07T04:00:00Z,2018-10-07T20:42:00Z,2018-10-07T22:15:00Z,Run,684,1H 33M 0S,13662,6.8,Mile,4.39,13M 40.6S,190,153
2018-10-28T04:00:00Z,2018-10-29T00:21:17Z,2018-10-29T02:10:45Z,Run,1023,1H 49M 28S,18196,7.64,Mile,4.19,14M 19.9S,155,155
2018-11-05T05:00:00Z,2018-11-05T19:36:18Z,2018-11-05T20:52:51Z,Run,666,1H 13M 39.3S,11572,5.04,Mile,4.11,14M 36.8S,33.03,156
2018-11-08T05:00:00Z,2018-11-08T07:45:01Z,2018-11-08T08:06:27Z,Treadmill,199,21M 26S,3565,1.73,Mile,4.85,NA,5,158
2018-11-25T05:00:00Z,2018-11-25T18:47:16Z,2018-11-25T19:20:06Z,Run,359,32M 50S,5771,3.14,Mile,5.73,10M 28.2S,37,175
2019-01-05T05:00:00Z,2019-01-05T15:00:00Z,2019-01-05T20:00:00Z,Hike,1917,5H 0M 0S,2434,1,Mile,0.2,5H 0M 0S,200,114
2019-01-07T05:00:00Z,2019-01-07T16:55:21Z,2019-01-07T17:42:35Z,Run,469,47M 14S,7306,3.11,Mile,3.95,15M 10.9S,53,172
2019-01-16T05:00:00Z,2019-01-16T21:30:58Z,2019-01-16T21:49:28Z,Treadmill,186,18M 30S,3159,1.54,Mile,4.99,NA,12,164
2019-01-23T05:00:00Z,2019-01-24T01:51:12Z,2019-01-24T02:44:06Z,Walk,251,52M 54S,4429,NA,NA,NA,NA,100,109
2019-01-24T05:00:00Z,2019-01-24T05:19:51Z,2019-01-24T05:37:31Z,Treadmill,146,17M 40S,2069,0.94,Mile,3.21,NA,21,145
2019-01-26T05:00:00Z,2019-01-27T00:35:37Z,2019-01-27T00:51:07Z,Treadmill,139,15M 30S,1938,0.92,Mile,3.56,NA,13,154
2019-01-27T05:00:00Z,2019-01-27T15:53:00Z,2019-01-27T16:11:00Z,Treadmill,376,18M 0S,2519,1.21,Mile,4.02,NA,NA,159
2019-02-01T05:00:00Z,2019-02-01T07:05:46Z,2019-02-01T07:27:01Z,Treadmill,215,21M 15S,3549,1.73,Mile,4.9,NA,14,159
2019-02-05T05:00:00Z,2019-02-05T05:42:22Z,2019-02-05T06:38:05Z,Treadmill,533,55M 43S,9116,4.45,Mile,4.79,NA,35,160
2019-02-09T05:00:00Z,2019-02-09T15:03:00Z,2019-02-09T15:37:28Z,Run,288,34M 28S,6174,3.1,Mile,5.4,11M 7.1S,60,170
2019-02-10T05:00:00Z,2019-02-11T02:53:43Z,2019-02-11T03:03:00Z,Treadmill,67,9M 17S,1250,0.55,Mile,3.57,NA,NA,123
2019-02-10T05:00:00Z,2019-02-10T22:05:00Z,2019-02-10T22:35:00Z,Calisthenics,222,30M 0S,774,NA,NA,NA,NA,NA,117
2019-02-12T05:00:00Z,2019-02-12T05:26:16Z,2019-02-12T06:13:50Z,Treadmill,478,47M 34S,7706,3.76,Mile,4.74,NA,25,166
2019-02-13T05:00:00Z,2019-02-14T04:05:18Z,2019-02-14T04:25:17Z,Treadmill,177,19M 59S,2317,1.1,Mile,3.29,NA,17,151
2019-02-16T05:00:00Z,2019-02-17T00:18:08Z,2019-02-17T01:31:39Z,Run,724,1H 13M 31S,12454,5.75,Mile,4.7,12M 46.6S,40,162
2019-02-22T05:00:00Z,2019-02-23T03:53:15Z,2019-02-23T04:18:05Z,Run,241,24M 50S,4079,1.97,Mile,4.76,12M 37S,35,160
2019-02-24T05:00:00Z,2019-02-25T02:13:58Z,2019-02-25T03:42:53Z,Treadmill,767,1H 24M 45S,14356,7.01,Mile,4.97,NA,72,154
2019-02-26T05:00:00Z,2019-02-26T22:52:42Z,2019-02-26T23:17:26Z,Run,209,24M 44S,3060,NA,NA,NA,NA,30,NA
2019-03-03T05:00:00Z,2019-03-04T01:22:45Z,2019-03-04T03:01:47Z,Run,957,1H 38M 51.8S,17043,8,Mile,4.86,12M 21S,117.83,160
2019-03-04T05:00:00Z,2019-03-05T03:48:13Z,2019-03-05T04:16:38Z,Run,280,28M 25S,4648,2.37,Mile,5,12M 0S,20,161
2019-03-06T05:00:00Z,2019-03-07T04:09:48Z,2019-03-07T04:44:50Z,Treadmill,343,35M 2S,5306,2.58,Mile,4.42,NA,23,162
2019-03-08T05:00:00Z,2019-03-08T14:20:00Z,2019-03-08T14:45:00Z,Dancing,92,25M 0S,111,NA,NA,NA,NA,NA,106
2019-03-10T05:00:00Z,2019-03-11T01:16:44Z,2019-03-11T03:12:53Z,Run,1105,1H 54M 51.8S,19813,9,Mile,4.7,12M 45.4S,57.66,157
2019-03-13T04:00:00Z,2019-03-14T01:57:32Z,2019-03-14T02:23:58Z,Run,245,26M 26S,4510,2.4,Mile,5.45,11M 0.8S,20,156
2019-03-16T04:00:00Z,2019-03-16T18:08:04Z,2019-03-16T18:42:28Z,Run,336,34M 24S,5844,3.05,Mile,5.32,11M 16.2S,70,159
2019-03-20T04:00:00Z,2019-03-20T22:33:02Z,2019-03-20T23:11:06Z,Run,361,38M 4S,6262,3.01,Mile,4.75,12M 38.3S,62,157
2019-03-21T04:00:00Z,2019-03-21T23:20:59Z,2019-03-22T01:41:07Z,Run,1181,2H 11M 34.5S,22364,9.84,Mile,4.49,13M 22.3S,110.03,152
2019-03-23T04:00:00Z,2019-03-23T22:48:17Z,2019-03-23T23:43:00Z,Run,512,54M 43S,8876,4.53,Mile,4.97,12M 5.1S,333,158
2019-03-27T04:00:00Z,2019-03-27T05:03:46Z,2019-03-27T05:32:29Z,Treadmill,270,28M 43S,4867,2.4,Mile,5,NA,13,151
2019-03-27T04:00:00Z,2019-03-28T02:42:43Z,2019-03-28T03:14:14Z,Run,291,31M 31S,5236,2.45,Mile,4.67,12M 51.2S,10,148
2019-03-31T04:00:00Z,2019-04-01T00:56:14Z,2019-04-01T03:13:39Z,Run,1307,2H 17M 25S,23717,11,Mile,4.8,12M 29.3S,180,152
2019-04-03T04:00:00Z,2019-04-04T03:37:36Z,2019-04-04T04:07:28Z,Run,265,29M 52S,4979,2.49,Mile,4.99,12M 0.9S,64.67,148
2019-04-06T04:00:00Z,2019-04-07T03:08:14Z,2019-04-07T03:35:39Z,Run,247,27M 25S,4506,2.4,Mile,5.25,11M 26.1S,0,151
2019-04-10T04:00:00Z,2019-04-11T02:40:08Z,2019-04-11T03:11:00Z,Run,278,30M 52S,5011,2.54,Mile,4.93,12M 10S,50,149
2019-04-12T04:00:00Z,2019-04-13T03:01:59Z,2019-04-13T03:29:25Z,Run,249,27M 26S,4551,2.12,Mile,4.63,12M 57.4S,14.17,152
2019-04-14T04:00:00Z,2019-04-14T16:08:41Z,2019-04-14T18:52:22Z,Run,1717,2H 43M 41S,28508,14.21,Mile,5.21,11M 31S,629,171
2019-04-17T04:00:00Z,2019-04-18T03:05:28Z,2019-04-18T03:40:28Z,Tennis,162,35M 0S,2501,NA,NA,NA,NA,NA,106
2019-04-27T04:00:00Z,2019-04-27T07:32:47Z,2019-04-27T08:04:29Z,Sport,189,31M 42S,2201,NA,NA,NA,NA,NA,122
2019-04-27T04:00:00Z,2019-04-27T08:40:19Z,2019-04-27T09:14:28Z,Sport,210,34M 9S,2449,NA,NA,NA,NA,NA,126
2019-04-28T04:00:00Z,2019-04-29T02:51:45Z,2019-04-29T03:17:31Z,Run,247,25M 46S,4402,2.37,Mile,5.53,10M 51.4S,0,160
2019-05-02T04:00:00Z,2019-05-02T23:18:40Z,2019-05-03T00:09:03Z,Workout,456,50M 23S,6710,NA,NA,NA,NA,96,155
2019-05-04T04:00:00Z,2019-05-04T04:48:41Z,2019-05-04T05:36:28Z,Aerobic Workout,263,47M 47S,1917,NA,NA,NA,NA,NA,124
2019-05-04T04:00:00Z,2019-05-05T01:31:08Z,2019-05-05T02:04:26Z,Aerobic Workout,174,33M 18S,1336,NA,NA,NA,NA,NA,122
2019-05-06T04:00:00Z,2019-05-06T14:01:00Z,2019-05-06T14:30:53Z,Run,219,29M 53S,4825,2.4,Mile,4.82,12M 27.1S,0,NA
2019-05-07T04:00:00Z,2019-05-07T18:14:00Z,2019-05-07T18:44:00Z,Swim,110,30M 0S,NA,0.37,Mile,0.75,1H 20M 28S,NA,NA
2019-05-07T04:00:00Z,2019-05-07T22:00:00Z,2019-05-07T23:00:00Z,Yoga,236,1H 0M 0S,0,NA,NA,NA,NA,NA,NA
2019-05-09T04:00:00Z,2019-05-10T03:35:00Z,2019-05-10T04:42:33Z,Yoga,122,1H 7M 33S,138,NA,NA,NA,NA,70,90
2019-05-13T04:00:00Z,2019-05-14T01:33:56Z,2019-05-14T02:00:41Z,Treadmill,239,26M 45S,4532,2.23,Mile,5.01,NA,30,153
2019-05-15T04:00:00Z,2019-05-16T02:58:54Z,2019-05-16T03:16:40Z,Treadmill,152,17M 46S,2163,1.06,Mile,3.57,NA,11,147
2019-05-15T04:00:00Z,2019-05-15T23:58:00Z,2019-05-16T00:28:00Z,Swim,110,30M 0S,NA,0.37,Mile,0.75,1H 20M 28S,NA,NA
2019-05-16T04:00:00Z,2019-05-16T21:57:31Z,2019-05-16T22:24:44Z,Run,270,27M 13S,4653,2.29,Mile,5.06,11M 51.7S,42,161
2019-05-17T04:00:00Z,2019-05-18T01:12:18Z,2019-05-18T01:38:36Z,Treadmill,257,26M 18S,3461,1.69,Mile,3.85,NA,17,164
2019-05-17T04:00:00Z,2019-05-17T21:55:00Z,2019-05-17T22:25:00Z,Swim,110,30M 0S,NA,0.37,Mile,0.75,1H 20M 28S,NA,NA
2019-05-26T04:00:00Z,2019-05-26T20:55:00Z,2019-05-26T21:25:00Z,Swim,218,30M 0S,NA,0.5,Mile,1,1H 0M 0S,NA,NA
2019-05-29T04:00:00Z,2019-05-30T02:08:12Z,2019-05-30T02:33:13Z,Bike,86,25M 1S,NA,0.1,Mile,0.24,NA,10,109
2019-05-29T04:00:00Z,2019-05-29T23:06:00Z,2019-05-29T23:41:00Z,Swim,254,35M 0S,NA,0.7,Mile,1.2,50M 0S,NA,NA
2019-06-03T04:00:00Z,2019-06-04T03:53:03Z,2019-06-04T04:42:23Z,Run,448,46M 8.7S,7773,4.16,Mile,5.41,11M 5S,30,164
2019-06-04T04:00:00Z,2019-06-05T02:57:06Z,2019-06-05T03:21:11Z,Run,206,24M 5S,3912,2,Mile,4.99,12M 1.1S,40,150
